Open_time,Symbol,Open,High,Low,Close
1611792000000,XRPUSDT,0.25058000,0.27000000,0.24699000,0.26407000
1611878400000,XRPUSDT,0.26413000,0.31724000,0.25915000,0.28290000
1611964800000,XRPUSDT,0.28290000,0.51780000,0.27800000,0.44372000
1612051200000,XRPUSDT,0.44369000,0.51000000,0.38500000,0.49507000
1612137600000,XRPUSDT,0.49516000,0.75500000,0.35928000,0.37106000
1612224000000,XRPUSDT,0.37123000,0.41123000,0.34010000,0.37254000
1612310400000,XRPUSDT,0.37254000,0.41900000,0.37254000,0.39721000
1612396800000,XRPUSDT,0.39721000,0.48159000,0.37885000,0.44545000
1612483200000,XRPUSDT,0.44535000,0.47222000,0.42410000,0.45219000
1612569600000,XRPUSDT,0.45195000,0.45688000,0.42000000,0.44307000
1612656000000,XRPUSDT,0.44307000,0.45089000,0.39123000,0.41849000
1612742400000,XRPUSDT,0.41848000,0.46920000,0.41250000,0.45099000
1612828800000,XRPUSDT,0.45098000,0.49000000,0.44901000,0.47636000
1612915200000,XRPUSDT,0.47637000,0.54224000,0.45000000,0.50429000
1613001600000,XRPUSDT,0.50422000,0.53545000,0.49982000,0.52806000
1613088000000,XRPUSDT,0.52824000,0.61922000,0.51871000,0.60900000
1613174400000,XRPUSDT,0.60900000,0.64244000,0.54306000,0.63309000
1613260800000,XRPUSDT,0.63309000,0.63981000,0.56111000,0.59211000
1613347200000,XRPUSDT,0.59217000,0.60430000,0.50891000,0.54976000
1613433600000,XRPUSDT,0.54987000,0.58005000,0.48111000,0.51995000
1613520000000,XRPUSDT,0.51980000,0.55751000,0.49336000,0.53467000
1613606400000,XRPUSDT,0.53460000,0.55995000,0.51901000,0.53204000
1613692800000,XRPUSDT,0.53217000,0.58195000,0.51310000,0.56465000
1613779200000,XRPUSDT,0.56478000,0.58235000,0.47231000,0.51167000
1613865600000,XRPUSDT,0.51150000,0.55858000,0.50311000,0.54468000
1613952000000,XRPUSDT,0.54468000,0.65155000,0.51000000,0.56646000
1614038400000,XRPUSDT,0.56637000,0.57172000,0.36500000,0.47579000
1614124800000,XRPUSDT,0.47580000,0.49999000,0.45120000,0.46860000
1614211200000,XRPUSDT,0.46864000,0.48233000,0.42440000,0.43601000
1614297600000,XRPUSDT,0.43599000,0.45067000,0.41111000,0.42788000
1614384000000,XRPUSDT,0.42794000,0.45945000,0.42681000,0.43589000
1614470400000,XRPUSDT,0.43586000,0.43876000,0.39268000,0.41565000
1614556800000,XRPUSDT,0.41570000,0.45400000,0.41207000,0.44537000
1614643200000,XRPUSDT,0.44537000,0.45532000,0.42159000,0.43570000
1614729600000,XRPUSDT,0.43572000,0.46869000,0.43011000,0.44846000
1614816000000,XRPUSDT,0.44841000,0.49449000,0.43411000,0.48096000
1614902400000,XRPUSDT,0.48120000,0.48488000,0.44575000,0.45457000
1614988800000,XRPUSDT,0.45441000,0.47650000,0.44901000,0.46285000
1615075200000,XRPUSDT,0.46292000,0.46890000,0.45641000,0.46558000
1615161600000,XRPUSDT,0.46579000,0.48987000,0.45505000,0.47412000
1615248000000,XRPUSDT,0.47413000,0.48736000,0.47100000,0.48490000
1615334400000,XRPUSDT,0.48481000,0.48870000,0.45450000,0.46155000
1615420800000,XRPUSDT,0.46170000,0.46427000,0.44058000,0.45187000
1615507200000,XRPUSDT,0.45187000,0.46488000,0.42205000,0.43934000
1615593600000,XRPUSDT,0.43934000,0.46646000,0.43205000,0.45787000
1615680000000,XRPUSDT,0.45786000,0.46155000,0.43857000,0.43905000
1615766400000,XRPUSDT,0.43900000,0.44815000,0.42268000,0.43574000
1615852800000,XRPUSDT,0.43566000,0.52221000,0.42723000,0.46024000
1615939200000,XRPUSDT,0.46037000,0.48245000,0.45317000,0.46980000
1616025600000,XRPUSDT,0.46993000,0.49050000,0.46558000,0.46893000
1616112000000,XRPUSDT,0.46899000,0.47536000,0.45848000,0.46651000
1616198400000,XRPUSDT,0.46650000,0.54999000,0.46424000,0.52613000
1616284800000,XRPUSDT,0.52584000,0.54691000,0.49508000,0.51651000
1616371200000,XRPUSDT,0.51661000,0.60000000,0.50082000,0.54410000
1616457600000,XRPUSDT,0.54403000,0.59638000,0.53780000,0.54980000
1616544000000,XRPUSDT,0.54945000,0.56302000,0.45212000,0.48021000
1616630400000,XRPUSDT,0.48022000,0.52480000,0.45400000,0.51058000
1616716800000,XRPUSDT,0.51034000,0.57689000,0.50999000,0.56357000
1616803200000,XRPUSDT,0.56348000,0.57464000,0.53420000,0.54752000
1616889600000,XRPUSDT,0.54735000,0.56075000,0.53879000,0.54552000
1616976000000,XRPUSDT,0.54550000,0.57082000,0.54317000,0.56538000
1617062400000,XRPUSDT,0.56528000,0.58800000,0.55903000,0.56210000
1617148800000,XRPUSDT,0.56207000,0.57682000,0.52624000,0.56982000
1617235200000,XRPUSDT,0.56980000,0.59555000,0.54864000,0.57087000
1617321600000,XRPUSDT,0.57061000,0.61000000,0.56522000,0.60701000
1617408000000,XRPUSDT,0.60701000,0.64262000,0.57300000,0.57831000
1617494400000,XRPUSDT,0.57836000,0.63599000,0.56591000,0.63500000
1617580800000,XRPUSDT,0.63501000,0.93999000,0.61940000,0.91584000
1617667200000,XRPUSDT,0.91584000,1.11900000,0.79310000,1.09663000
1617753600000,XRPUSDT,1.09666000,1.10882000,0.85600000,0.91542000
1617840000000,XRPUSDT,0.91544000,1.07294000,0.90128000,1.05599000
1617926400000,XRPUSDT,1.05571000,1.08490000,0.98080000,1.01721000
1618012800000,XRPUSDT,1.01754000,1.39900000,1.00617000,1.37280000
1618099200000,XRPUSDT,1.37215000,1.50000000,1.30500000,1.35118000
1618185600000,XRPUSDT,1.35118000,1.47500000,1.31804000,1.46843000
1618272000000,XRPUSDT,1.46850000,1.88888000,1.41778000,1.79611000
1618358400000,XRPUSDT,1.79607000,1.96689000,1.56001000,1.83468000
1618444800000,XRPUSDT,1.83396000,1.88500000,1.65243000,1.75781000
1618531200000,XRPUSDT,1.75781000,1.81041000,1.42000000,1.54805000
1618617600000,XRPUSDT,1.54805000,1.74163000,1.52991000,1.53896000
1618704000000,XRPUSDT,1.53988000,1.56505000,1.16000000,1.40797000
1618790400000,XRPUSDT,1.40797000,1.53390000,1.25100000,1.30945000
1618876800000,XRPUSDT,1.30941000,1.44796000,1.18000000,1.38501000
1618963200000,XRPUSDT,1.38500000,1.46450000,1.27545000,1.29097000
1619049600000,XRPUSDT,1.29110000,1.41947000,1.08590000,1.15489000
1619136000000,XRPUSDT,1.15489000,1.19724000,0.88601000,1.17073000
1619222400000,XRPUSDT,1.17019000,1.17200000,1.01753000,1.04833000
1619308800000,XRPUSDT,1.04971000,1.15600000,0.94180000,1.03510000
1619395200000,XRPUSDT,1.03530000,1.37500000,1.01330000,1.36290000
1619481600000,XRPUSDT,1.36290000,1.46200000,1.32840000,1.40170000
1619568000000,XRPUSDT,1.40170000,1.44920000,1.28140000,1.35760000
1619654400000,XRPUSDT,1.35760000,1.42000000,1.32630000,1.39780000
1619740800000,XRPUSDT,1.39780000,1.63970000,1.37450000,1.59880000
1619827200000,XRPUSDT,1.59890000,1.66660000,1.52260000,1.65100000
1619913600000,XRPUSDT,1.65100000,1.65800000,1.52500000,1.56050000
1620000000000,XRPUSDT,1.56050000,1.62160000,1.47000000,1.55460000
1620086400000,XRPUSDT,1.55460000,1.55800000,1.32000000,1.38770000
1620172800000,XRPUSDT,1.38780000,1.62400000,1.36600000,1.61330000
1620259200000,XRPUSDT,1.61370000,1.76580000,1.52100000,1.60280000
1620345600000,XRPUSDT,1.60280000,1.69500000,1.50500000,1.57930000
1620432000000,XRPUSDT,1.57950000,1.62770000,1.54040000,1.56110000
1620518400000,XRPUSDT,1.56110000,1.59680000,1.42490000,1.53450000
1620604800000,XRPUSDT,1.53430000,1.62700000,1.21400000,1.39060000
1620691200000,XRPUSDT,1.39100000,1.49050000,1.35550000,1.47860000
1620777600000,XRPUSDT,1.47880000,1.54700000,1.23500000,1.26910000
1620864000000,XRPUSDT,1.26900000,1.38900000,1.20000000,1.36400000
1620950400000,XRPUSDT,1.36440000,1.44880000,1.32100000,1.40000000
1621036800000,XRPUSDT,1.39980000,1.58690000,1.32110000,1.49040000
1621123200000,XRPUSDT,1.49110000,1.61310000,1.33730000,1.44960000
1621209600000,XRPUSDT,1.44960000,1.56500000,1.32420000,1.49460000
1621296000000,XRPUSDT,1.49520000,1.70500000,1.46980000,1.58890000
1621382400000,XRPUSDT,1.58930000,1.64480000,0.85000000,1.05680000
1621468800000,XRPUSDT,1.05650000,1.26640000,0.90000000,1.17950000
1621555200000,XRPUSDT,1.18020000,1.21940000,0.86410000,1.00620000
1621641600000,XRPUSDT,1.00620000,1.01620000,0.81600000,0.90520000
1621728000000,XRPUSDT,0.90520000,0.96790000,0.65000000,0.78980000
1621814400000,XRPUSDT,0.78990000,0.99700000,0.75370000,0.99300000
1621900800000,XRPUSDT,0.99340000,1.07000000,0.87910000,0.97460000
1621987200000,XRPUSDT,0.97470000,1.06980000,0.94610000,1.03160000
1622073600000,XRPUSDT,1.03160000,1.04230000,0.93220000,0.97470000
1622160000000,XRPUSDT,0.97470000,0.98470000,0.84450000,0.89850000
1622246400000,XRPUSDT,0.89850000,0.94130000,0.79110000,0.83180000
1622332800000,XRPUSDT,0.83190000,0.93370000,0.79740000,0.90580000
1622419200000,XRPUSDT,0.90580000,1.04950000,0.87890000,1.04090000
1622505600000,XRPUSDT,1.04090000,1.10000000,0.97420000,1.01080000
1622592000000,XRPUSDT,1.01080000,1.04980000,0.97930000,1.02410000
1622678400000,XRPUSDT,1.02410000,1.07890000,1.00690000,1.04500000
1622764800000,XRPUSDT,1.04530000,1.04660000,0.91560000,0.96830000
1622851200000,XRPUSDT,0.96830000,0.99730000,0.89210000,0.92300000
1622937600000,XRPUSDT,0.92300000,0.94930000,0.91700000,0.94700000
1623024000000,XRPUSDT,0.94690000,0.97600000,0.83800000,0.86180000
1623110400000,XRPUSDT,0.86190000,0.88610000,0.78380000,0.87310000
1623196800000,XRPUSDT,0.87300000,0.92180000,0.83000000,0.92180000
1623283200000,XRPUSDT,0.92180000,0.92980000,0.85220000,0.86860000
1623369600000,XRPUSDT,0.86860000,0.88000000,0.83350000,0.84710000
1623456000000,XRPUSDT,0.84690000,0.84790000,0.80540000,0.83260000
1623542400000,XRPUSDT,0.83250000,0.88830000,0.81700000,0.88320000
1623628800000,XRPUSDT,0.88330000,0.93000000,0.86280000,0.89060000
1623715200000,XRPUSDT,0.89050000,0.90170000,0.85510000,0.86630000
1623801600000,XRPUSDT,0.86630000,0.87330000,0.82590000,0.83200000
1623888000000,XRPUSDT,0.83190000,0.86120000,0.82340000,0.84190000
1623974400000,XRPUSDT,0.84190000,0.84500000,0.76870000,0.79720000
1624060800000,XRPUSDT,0.79710000,0.80550000,0.75570000,0.75820000
1624147200000,XRPUSDT,0.75830000,0.78500000,0.69680000,0.77410000
1624233600000,XRPUSDT,0.77410000,0.78030000,0.60370000,0.60670000
1624320000000,XRPUSDT,0.60680000,0.65000000,0.50900000,0.54680000
1624406400000,XRPUSDT,0.54680000,0.66550000,0.52030000,0.63830000
1624492800000,XRPUSDT,0.63830000,0.69280000,0.61630000,0.67310000
1624579200000,XRPUSDT,0.67310000,0.68890000,0.60190000,0.61110000
1624665600000,XRPUSDT,0.61100000,0.63290000,0.58140000,0.61620000
1624752000000,XRPUSDT,0.61630000,0.65230000,0.59630000,0.64840000
1624838400000,XRPUSDT,0.64830000,0.65830000,0.62380000,0.64440000
1624924800000,XRPUSDT,0.64440000,0.73400000,0.64170000,0.70630000
1625011200000,XRPUSDT,0.70620000,0.71450000,0.64770000,0.70630000
1625097600000,XRPUSDT,0.70620000,0.70640000,0.64400000,0.65910000
1625184000000,XRPUSDT,0.65920000,0.66760000,0.63290000,0.65560000
1625270400000,XRPUSDT,0.65570000,0.68490000,0.64330000,0.67320000
1625356800000,XRPUSDT,0.67330000,0.70910000,0.66550000,0.69600000
1625443200000,XRPUSDT,0.69600000,0.69700000,0.64440000,0.65260000
1625529600000,XRPUSDT,0.65260000,0.68000000,0.65110000,0.66480000
1625616000000,XRPUSDT,0.66480000,0.67400000,0.65000000,0.65220000
1625702400000,XRPUSDT,0.65210000,0.65450000,0.61080000,0.62150000
1625788800000,XRPUSDT,0.62140000,0.64570000,0.59170000,0.63690000
1625875200000,XRPUSDT,0.63690000,0.64890000,0.61200000,0.62460000
1625961600000,XRPUSDT,0.62460000,0.64490000,0.61690000,0.63640000
1626048000000,XRPUSDT,0.63630000,0.65750000,0.61720000,0.62880000
1626134400000,XRPUSDT,0.62880000,0.64260000,0.60860000,0.61920000
1626220800000,XRPUSDT,0.61930000,0.62500000,0.58510000,0.61970000
1626307200000,XRPUSDT,0.61960000,0.62690000,0.58740000,0.59790000
1626393600000,XRPUSDT,0.59790000,0.62110000,0.58740000,0.58930000
1626480000000,XRPUSDT,0.58930000,0.59770000,0.56000000,0.58210000
1626566400000,XRPUSDT,0.58220000,0.60160000,0.57100000,0.58660000
1626652800000,XRPUSDT,0.58670000,0.58890000,0.55330000,0.55700000
1626739200000,XRPUSDT,0.55700000,0.56990000,0.51570000,0.52840000
1626825600000,XRPUSDT,0.52840000,0.58400000,0.51930000,0.57190000
1626912000000,XRPUSDT,0.57180000,0.60330000,0.56090000,0.59200000
1626998400000,XRPUSDT,0.59200000,0.61010000,0.57530000,0.60910000
1627084800000,XRPUSDT,0.60920000,0.62050000,0.59960000,0.60850000
1627171200000,XRPUSDT,0.60850000,0.61180000,0.59060000,0.60690000
1627257600000,XRPUSDT,0.60690000,0.67930000,0.60480000,0.62340000
1627344000000,XRPUSDT,0.62340000,0.65280000,0.61210000,0.64510000
1627430400000,XRPUSDT,0.64500000,0.75490000,0.63080000,0.73270000
1627516800000,XRPUSDT,0.73270000,0.76650000,0.69700000,0.74880000
1627603200000,XRPUSDT,0.74880000,0.76970000,0.71150000,0.75210000
1627689600000,XRPUSDT,0.75220000,0.75910000,0.73670000,0.74600000
1627776000000,XRPUSDT,0.74610000,0.77780000,0.70420000,0.72420000
1627862400000,XRPUSDT,0.72420000,0.77400000,0.71500000,0.73800000
1627948800000,XRPUSDT,0.73800000,0.74500000,0.70080000,0.71360000
1628035200000,XRPUSDT,0.71360000,0.73980000,0.69520000,0.73100000
1628121600000,XRPUSDT,0.73100000,0.73890000,0.70100000,0.73270000
1628208000000,XRPUSDT,0.73270000,0.75300000,0.72190000,0.74740000
1628294400000,XRPUSDT,0.74740000,0.81890000,0.74110000,0.81620000
1628380800000,XRPUSDT,0.81630000,0.84130000,0.77170000,0.77880000
1628467200000,XRPUSDT,0.77880000,0.82790000,0.75960000,0.81700000
1628553600000,XRPUSDT,0.81690000,0.86220000,0.80000000,0.85110000
1628640000000,XRPUSDT,0.85110000,1.09060000,0.84800000,1.01050000
1628726400000,XRPUSDT,1.01060000,1.04500000,0.92220000,0.96600000
1628812800000,XRPUSDT,0.96610000,1.09680000,0.95010000,1.09010000
1628899200000,XRPUSDT,1.09010000,1.31000000,1.06910000,1.27910000
1628985600000,XRPUSDT,1.27880000,1.35000000,1.22520000,1.28390000
1629072000000,XRPUSDT,1.28380000,1.32880000,1.14320000,1.18550000
1629158400000,XRPUSDT,1.18550000,1.24790000,1.08500000,1.09780000
1629244800000,XRPUSDT,1.09800000,1.19630000,1.05010000,1.14310000
1629331200000,XRPUSDT,1.14300000,1.23550000,1.08950000,1.23470000
1629417600000,XRPUSDT,1.23470000,1.28970000,1.19920000,1.26290000
1629504000000,XRPUSDT,1.26290000,1.28350000,1.20000000,1.21580000
1629590400000,XRPUSDT,1.21580000,1.25570000,1.17760000,1.22600000
1629676800000,XRPUSDT,1.22580000,1.30460000,1.20240000,1.24570000
1629763200000,XRPUSDT,1.24560000,1.26580000,1.12120000,1.13530000
1629849600000,XRPUSDT,1.13530000,1.17790000,1.10730000,1.17350000
1629936000000,XRPUSDT,1.17350000,1.18660000,1.06360000,1.07120000
1630022400000,XRPUSDT,1.07130000,1.19260000,1.05010000,1.19180000
1630108800000,XRPUSDT,1.19180000,1.19800000,1.13290000,1.14590000
1630195200000,XRPUSDT,1.14580000,1.16830000,1.11200000,1.14080000
1630281600000,XRPUSDT,1.14080000,1.14880000,1.09460000,1.10020000
1630368000000,XRPUSDT,1.10050000,1.24410000,1.09070000,1.18560000
1630454400000,XRPUSDT,1.18560000,1.23840000,1.15800000,1.23620000
1630540800000,XRPUSDT,1.23620000,1.29500000,1.22160000,1.25330000
1630627200000,XRPUSDT,1.25330000,1.32350000,1.21890000,1.29070000
1630713600000,XRPUSDT,1.29060000,1.29720000,1.23520000,1.25480000
1630800000000,XRPUSDT,1.25480000,1.31250000,1.23610000,1.30760000
1630886400000,XRPUSDT,1.30750000,1.41510000,1.30650000,1.38940000
1630972800000,XRPUSDT,1.38940000,1.39220000,0.95240000,1.12920000
1631059200000,XRPUSDT,1.12900000,1.14800000,1.01330000,1.09980000
1631145600000,XRPUSDT,1.09990000,1.13770000,1.06190000,1.08680000
1631232000000,XRPUSDT,1.08680000,1.24500000,1.03000000,1.05520000
1631318400000,XRPUSDT,1.05520000,1.12000000,1.05030000,1.07870000
1631404800000,XRPUSDT,1.07880000,1.12760000,1.05760000,1.11810000
1631491200000,XRPUSDT,1.11810000,1.12660000,1.02500000,1.06430000
1631577600000,XRPUSDT,1.06440000,1.09780000,1.05660000,1.09630000
1631664000000,XRPUSDT,1.09620000,1.13000000,1.07840000,1.12070000
1631750400000,XRPUSDT,1.12070000,1.13000000,1.06620000,1.09020000
1631836800000,XRPUSDT,1.09030000,1.10250000,1.05090000,1.06610000
1631923200000,XRPUSDT,1.06630000,1.09520000,1.05620000,1.07510000
1632009600000,XRPUSDT,1.07520000,1.08370000,1.03830000,1.04830000
1632096000000,XRPUSDT,1.04830000,1.04970000,0.87380000,0.92160000
1632182400000,XRPUSDT,0.92160000,0.95930000,0.85820000,0.87430000
1632268800000,XRPUSDT,0.87400000,1.00940000,0.86790000,1.00330000
1632355200000,XRPUSDT,1.00330000,1.01700000,0.96760000,1.00160000
1632441600000,XRPUSDT,1.00160000,1.00270000,0.88580000,0.94400000
1632528000000,XRPUSDT,0.94420000,0.95770000,0.91630000,0.94000000
1632614400000,XRPUSDT,0.93990000,0.95670000,0.89150000,0.94360000
1632700800000,XRPUSDT,0.94360000,0.98180000,0.91940000,0.92180000
1632787200000,XRPUSDT,0.92170000,0.94310000,0.89030000,0.89280000
1632873600000,XRPUSDT,0.89280000,0.99410000,0.88610000,0.92680000
1632960000000,XRPUSDT,0.92660000,0.96400000,0.92170000,0.95330000
1633046400000,XRPUSDT,0.95350000,1.06950000,0.94430000,1.04220000
1633132800000,XRPUSDT,1.04220000,1.07330000,1.00790000,1.03590000
1633219200000,XRPUSDT,1.03590000,1.08840000,1.02100000,1.05520000
1633305600000,XRPUSDT,1.05520000,1.05960000,1.00590000,1.04250000
1633392000000,XRPUSDT,1.04290000,1.08800000,1.03800000,1.08390000
1633478400000,XRPUSDT,1.08400000,1.10810000,1.01710000,1.07650000
1633564800000,XRPUSDT,1.07660000,1.09420000,1.04230000,1.06780000
1633651200000,XRPUSDT,1.06770000,1.09270000,1.05390000,1.06360000
1633737600000,XRPUSDT,1.06360000,1.20890000,1.05650000,1.16040000
1633824000000,XRPUSDT,1.16040000,1.23000000,1.12620000,1.13520000
1633910400000,XRPUSDT,1.13520000,1.18200000,1.10170000,1.13640000
1633996800000,XRPUSDT,1.13630000,1.13640000,1.06340000,1.10180000
1634083200000,XRPUSDT,1.10170000,1.13870000,1.07500000,1.12750000
1634169600000,XRPUSDT,1.12770000,1.16000000,1.11740000,1.13360000
1634256000000,XRPUSDT,1.13350000,1.16560000,1.09140000,1.14130000
1634342400000,XRPUSDT,1.14150000,1.18690000,1.13000000,1.13430000
1634428800000,XRPUSDT,1.13430000,1.14070000,1.01720000,1.09440000
1634515200000,XRPUSDT,1.09430000,1.10640000,1.06420000,1.08270000
1634601600000,XRPUSDT,1.08270000,1.10090000,1.06610000,1.09110000
1634688000000,XRPUSDT,1.09110000,1.15290000,1.08680000,1.14550000
1634774400000,XRPUSDT,1.14510000,1.16400000,1.08510000,1.08860000
1634860800000,XRPUSDT,1.08850000,1.12880000,1.07390000,1.08850000
1634947200000,XRPUSDT,1.08850000,1.10180000,1.07630000,1.09340000
1635033600000,XRPUSDT,1.09350000,1.09610000,1.05220000,1.08210000
1635120000000,XRPUSDT,1.08210000,1.10340000,1.07780000,1.09510000
1635206400000,XRPUSDT,1.09510000,1.16060000,1.09050000,1.10750000
1635292800000,XRPUSDT,1.10760000,1.12480000,0.94830000,0.99500000
1635379200000,XRPUSDT,0.99510000,1.08160000,0.98100000,1.05790000
1635465600000,XRPUSDT,1.05800000,1.09030000,1.04090000,1.08250000
1635552000000,XRPUSDT,1.08250000,1.11690000,1.06110000,1.08460000
1635638400000,XRPUSDT,1.08450000,1.15440000,1.06890000,1.11280000
1635724800000,XRPUSDT,1.11280000,1.13210000,1.06900000,1.09150000
1635811200000,XRPUSDT,1.09160000,1.14680000,1.08510000,1.13490000
1635897600000,XRPUSDT,1.13480000,1.23630000,1.12550000,1.21010000
1635984000000,XRPUSDT,1.21000000,1.25740000,1.16040000,1.20040000
1636070400000,XRPUSDT,1.20040000,1.20150000,1.13110000,1.15810000
1636156800000,XRPUSDT,1.15810000,1.18280000,1.10000000,1.15100000
1636243200000,XRPUSDT,1.15110000,1.23740000,1.14510000,1.21980000
1636329600000,XRPUSDT,1.21980000,1.29600000,1.21920000,1.28150000
1636416000000,XRPUSDT,1.28150000,1.28840000,1.22450000,1.25710000
1636502400000,XRPUSDT,1.25720000,1.34930000,1.11740000,1.19020000
1636588800000,XRPUSDT,1.19020000,1.25440000,1.17640000,1.21420000
1636675200000,XRPUSDT,1.21420000,1.23320000,1.15420000,1.18830000
1636761600000,XRPUSDT,1.18840000,1.20390000,1.16700000,1.18920000
1636848000000,XRPUSDT,1.18940000,1.19950000,1.16750000,1.18790000
1636934400000,XRPUSDT,1.18790000,1.21980000,1.16510000,1.17200000
1637020800000,XRPUSDT,1.17200000,1.17210000,1.04180000,1.08770000
1637107200000,XRPUSDT,1.08770000,1.11300000,1.05880000,1.09530000
1637193600000,XRPUSDT,1.09530000,1.17000000,1.01500000,1.04060000
1637280000000,XRPUSDT,1.04060000,1.10300000,1.01740000,1.08920000
1637366400000,XRPUSDT,1.08920000,1.10150000,1.05940000,1.09650000
1637452800000,XRPUSDT,1.09650000,1.09740000,1.05440000,1.05690000
1637539200000,XRPUSDT,1.05710000,1.07100000,1.02510000,1.03540000
1637625600000,XRPUSDT,1.03540000,1.07150000,1.01920000,1.06610000
1637712000000,XRPUSDT,1.06620000,1.07350000,1.00680000,1.03260000
1637798400000,XRPUSDT,1.03250000,1.06470000,1.02150000,1.04380000
1637884800000,XRPUSDT,1.04390000,1.04670000,0.91080000,0.93940000
1637971200000,XRPUSDT,0.93920000,0.96560000,0.93360000,0.94520000
1638057600000,XRPUSDT,0.94530000,0.96920000,0.88250000,0.96870000
1638144000000,XRPUSDT,0.96870000,1.00190000,0.96310000,0.98980000
1638230400000,XRPUSDT,0.98990000,1.03040000,0.97000000,0.99830000
1638316800000,XRPUSDT,0.99840000,1.01730000,0.97990000,0.98990000
1638403200000,XRPUSDT,0.98980000,0.99010000,0.95450000,0.97160000
1638489600000,XRPUSDT,0.97150000,0.98380000,0.89000000,0.92110000
1638576000000,XRPUSDT,0.92110000,0.92450000,0.60000000,0.84490000
1638662400000,XRPUSDT,0.84520000,0.86200000,0.76900000,0.80450000
1638748800000,XRPUSDT,0.80450000,0.83030000,0.74850000,0.82550000
1638835200000,XRPUSDT,0.82560000,0.84670000,0.80420000,0.81540000
1638921600000,XRPUSDT,0.81540000,0.88440000,0.80260000,0.86220000
1639008000000,XRPUSDT,0.86230000,0.93610000,0.83190000,0.85830000
1639094400000,XRPUSDT,0.85830000,0.88290000,0.79140000,0.79920000
1639180800000,XRPUSDT,0.79920000,0.84450000,0.78440000,0.83920000
1639267200000,XRPUSDT,0.83910000,0.85720000,0.80880000,0.83930000
1639353600000,XRPUSDT,0.83940000,0.84440000,0.76010000,0.78180000
1639440000000,XRPUSDT,0.78200000,0.82140000,0.77170000,0.81030000
1639526400000,XRPUSDT,0.81020000,0.84000000,0.77700000,0.82620000
1639612800000,XRPUSDT,0.82620000,0.83640000,0.80280000,0.80510000
1639699200000,XRPUSDT,0.80530000,0.83220000,0.77540000,0.79660000
1639785600000,XRPUSDT,0.79670000,0.83470000,0.79100000,0.82620000
1639872000000,XRPUSDT,0.82630000,0.84850000,0.81900000,0.83500000
1639958400000,XRPUSDT,0.83500000,0.91500000,0.82410000,0.87980000
1640044800000,XRPUSDT,0.87990000,0.96100000,0.85270000,0.94670000
1640131200000,XRPUSDT,0.94660000,0.97380000,0.92300000,0.95370000
1640217600000,XRPUSDT,0.95380000,1.01670000,0.93720000,0.99410000
1640304000000,XRPUSDT,0.99410000,0.99660000,0.89640000,0.91150000
1640390400000,XRPUSDT,0.91140000,0.93500000,0.89810000,0.92520000
1640476800000,XRPUSDT,0.92520000,0.93340000,0.90520000,0.92000000
1640563200000,XRPUSDT,0.92000000,0.95600000,0.91410000,0.92690000
1640649600000,XRPUSDT,0.92690000,0.92690000,0.84560000,0.85150000
1640736000000,XRPUSDT,0.85160000,0.86450000,0.81000000,0.81710000
1640822400000,XRPUSDT,0.81720000,0.86000000,0.80200000,0.83860000
1640908800000,XRPUSDT,0.83850000,0.85450000,0.80250000,0.82970000
1640995200000,XRPUSDT,0.82980000,0.85570000,0.82970000,0.85070000
1641081600000,XRPUSDT,0.85080000,0.86670000,0.83720000,0.85860000
1641168000000,XRPUSDT,0.85860000,0.85870000,0.82130000,0.83240000
1641254400000,XRPUSDT,0.83240000,0.84560000,0.77940000,0.82280000
1641340800000,XRPUSDT,0.82270000,0.83720000,0.70920000,0.77260000
1641427200000,XRPUSDT,0.77250000,0.79090000,0.73770000,0.77910000
1641513600000,XRPUSDT,0.77900000,0.78080000,0.72870000,0.76340000
1641600000000,XRPUSDT,0.76340000,0.77680000,0.72220000,0.74520000
1641686400000,XRPUSDT,0.74520000,0.76670000,0.73810000,0.75300000
1641772800000,XRPUSDT,0.75300000,0.75890000,0.69670000,0.73990000
1641859200000,XRPUSDT,0.73990000,0.77680000,0.73060000,0.77030000
1641945600000,XRPUSDT,0.77020000,0.81600000,0.75700000,0.79870000
1642032000000,XRPUSDT,0.79860000,0.80240000,0.76040000,0.76800000
1642118400000,XRPUSDT,0.76770000,0.80000000,0.75130000,0.77320000
1642204800000,XRPUSDT,0.77330000,0.79000000,0.76800000,0.77910000
1642291200000,XRPUSDT,0.77910000,0.78840000,0.76800000,0.77840000
1642377600000,XRPUSDT,0.77850000,0.78050000,0.74980000,0.76170000
1642464000000,XRPUSDT,0.76160000,0.76860000,0.73520000,0.75090000
1642550400000,XRPUSDT,0.75100000,0.75330000,0.72310000,0.73810000
1642636800000,XRPUSDT,0.73810000,0.76220000,0.71610000,0.71990000
1642723200000,XRPUSDT,0.71990000,0.72850000,0.61120000,0.63680000
1642809600000,XRPUSDT,0.63680000,0.65420000,0.54890000,0.59660000
1642896000000,XRPUSDT,0.59660000,0.63520000,0.59000000,0.62830000
1642982400000,XRPUSDT,0.62840000,0.62860000,0.55240000,0.61180000
1643068800000,XRPUSDT,0.61180000,0.62430000,0.58720000,0.61800000
1643155200000,XRPUSDT,0.61780000,0.65860000,0.60470000,0.61930000
1643241600000,XRPUSDT,0.61930000,0.62470000,0.58930000,0.60880000
1643328000000,XRPUSDT,0.60890000,0.61400000,0.59160000,0.61110000
1643414400000,XRPUSDT,0.61120000,0.62550000,0.60830000,0.61740000
1643500800000,XRPUSDT,0.61750000,0.62320000,0.59730000,0.60130000
1643587200000,XRPUSDT,0.60120000,0.62420000,0.58030000,0.61740000
1643673600000,XRPUSDT,0.61740000,0.63080000,0.61070000,0.62840000
1643760000000,XRPUSDT,0.62840000,0.63140000,0.59550000,0.60060000
1643846400000,XRPUSDT,0.60060000,0.61160000,0.58860000,0.61020000
1643932800000,XRPUSDT,0.61010000,0.65890000,0.60440000,0.65550000
1644019200000,XRPUSDT,0.65570000,0.68690000,0.65000000,0.66560000
1644105600000,XRPUSDT,0.66560000,0.68800000,0.65890000,0.68250000
1644192000000,XRPUSDT,0.68250000,0.83900000,0.67120000,0.83140000
1644278400000,XRPUSDT,0.83140000,0.91420000,0.80340000,0.87630000
1644364800000,XRPUSDT,0.87630000,0.91680000,0.84130000,0.86970000
1644451200000,XRPUSDT,0.86990000,0.89750000,0.82100000,0.82530000
1644537600000,XRPUSDT,0.82530000,0.83390000,0.75000000,0.75910000
1644624000000,XRPUSDT,0.75900000,0.85320000,0.74650000,0.82230000
1644710400000,XRPUSDT,0.82230000,0.84760000,0.79200000,0.80570000
1644796800000,XRPUSDT,0.80570000,0.81270000,0.77910000,0.80120000
1644883200000,XRPUSDT,0.80120000,0.85990000,0.79610000,0.85150000
1644969600000,XRPUSDT,0.85140000,0.85320000,0.80860000,0.83660000
1645056000000,XRPUSDT,0.83670000,0.84480000,0.75350000,0.76900000
1645142400000,XRPUSDT,0.76890000,0.80550000,0.75600000,0.78400000
1645228800000,XRPUSDT,0.78410000,0.85470000,0.76960000,0.82150000
1645315200000,XRPUSDT,0.82150000,0.82340000,0.76430000,0.77690000
1645401600000,XRPUSDT,0.77690000,0.80200000,0.69530000,0.70180000
1645488000000,XRPUSDT,0.70180000,0.72660000,0.66860000,0.72090000
1645574400000,XRPUSDT,0.72090000,0.74410000,0.69240000,0.69670000
1645660800000,XRPUSDT,0.69670000,0.72260000,0.62150000,0.69630000
1645747200000,XRPUSDT,0.69620000,0.78070000,0.68260000,0.76990000
1645833600000,XRPUSDT,0.76980000,0.79550000,0.74030000,0.75080000
1645920000000,XRPUSDT,0.75080000,0.76770000,0.70320000,0.72150000
1646006400000,XRPUSDT,0.72160000,0.79380000,0.70750000,0.78090000
1646092800000,XRPUSDT,0.78090000,0.80390000,0.75740000,0.78390000
1646179200000,XRPUSDT,0.78400000,0.78480000,0.75620000,0.76870000
1646265600000,XRPUSDT,0.76880000,0.78970000,0.73360000,0.75150000
1646352000000,XRPUSDT,0.75140000,0.75500000,0.69420000,0.71270000
1646438400000,XRPUSDT,0.71270000,0.76930000,0.70490000,0.75400000
1646524800000,XRPUSDT,0.75390000,0.75890000,0.72110000,0.72510000
1646611200000,XRPUSDT,0.72520000,0.75440000,0.70330000,0.71970000
1646697600000,XRPUSDT,0.71960000,0.73130000,0.71350000,0.72070000
1646784000000,XRPUSDT,0.72080000,0.77500000,0.71990000,0.76580000
1646870400000,XRPUSDT,0.76590000,0.77970000,0.72150000,0.73610000
1646956800000,XRPUSDT,0.73610000,0.81400000,0.72500000,0.80290000
1647043200000,XRPUSDT,0.80280000,0.84900000,0.77830000,0.78570000
1647129600000,XRPUSDT,0.78570000,0.80570000,0.75080000,0.76020000
1647216000000,XRPUSDT,0.76020000,0.77790000,0.74500000,0.77480000
1647302400000,XRPUSDT,0.77470000,0.77680000,0.74130000,0.76570000
1647388800000,XRPUSDT,0.76580000,0.79450000,0.75690000,0.79190000
1647475200000,XRPUSDT,0.79190000,0.80200000,0.78300000,0.79350000
1647561600000,XRPUSDT,0.79360000,0.80070000,0.77620000,0.79650000
1647648000000,XRPUSDT,0.79640000,0.82680000,0.79150000,0.81940000
1647734400000,XRPUSDT,0.81950000,0.82200000,0.79500000,0.80570000
1647820800000,XRPUSDT,0.80570000,0.85490000,0.78750000,0.83730000
1647907200000,XRPUSDT,0.83720000,0.86530000,0.82730000,0.83660000
1647993600000,XRPUSDT,0.83660000,0.84600000,0.81710000,0.83760000
1648080000000,XRPUSDT,0.83760000,0.85000000,0.82720000,0.84280000
1648166400000,XRPUSDT,0.84280000,0.84590000,0.81850000,0.82390000
1648252800000,XRPUSDT,0.82390000,0.83490000,0.82060000,0.83270000
1648339200000,XRPUSDT,0.83260000,0.85820000,0.82750000,0.85800000
1648425600000,XRPUSDT,0.85790000,0.93000000,0.85280000,0.86410000
1648512000000,XRPUSDT,0.86400000,0.88570000,0.83890000,0.85770000
1648598400000,XRPUSDT,0.85760000,0.87180000,0.84550000,0.86130000
1648684800000,XRPUSDT,0.86130000,0.87370000,0.77940000,0.81480000
1648771200000,XRPUSDT,0.81490000,0.83430000,0.80700000,0.82770000
1648857600000,XRPUSDT,0.82770000,0.84990000,0.81850000,0.82400000
1648944000000,XRPUSDT,0.82400000,0.85190000,0.81430000,0.84320000
1649030400000,XRPUSDT,0.84320000,0.84400000,0.80410000,0.82600000
1649116800000,XRPUSDT,0.82610000,0.83660000,0.81450000,0.81640000
1649203200000,XRPUSDT,0.81640000,0.81840000,0.75550000,0.75950000
1649289600000,XRPUSDT,0.75940000,0.79110000,0.75230000,0.78710000
1649376000000,XRPUSDT,0.78700000,0.79440000,0.74630000,0.75490000
1649462400000,XRPUSDT,0.75500000,0.76680000,0.75310000,0.76220000
1649548800000,XRPUSDT,0.76230000,0.77310000,0.75240000,0.75430000
1649635200000,XRPUSDT,0.75430000,0.75580000,0.68020000,0.69480000
1649721600000,XRPUSDT,0.69490000,0.73400000,0.69240000,0.71520000
1649808000000,XRPUSDT,0.71510000,0.72520000,0.70170000,0.72320000
1649894400000,XRPUSDT,0.72320000,0.74130000,0.70830000,0.72620000
1649980800000,XRPUSDT,0.72620000,0.79750000,0.72610000,0.78580000
1650067200000,XRPUSDT,0.78590000,0.79990000,0.76580000,0.78080000
1650153600000,XRPUSDT,0.78080000,0.78610000,0.74770000,0.75190000
1650240000000,XRPUSDT,0.75190000,0.76990000,0.72660000,0.76990000
1650326400000,XRPUSDT,0.76980000,0.78600000,0.75880000,0.77490000
1650412800000,XRPUSDT,0.77490000,0.77530000,0.74200000,0.75170000
1650499200000,XRPUSDT,0.75170000,0.76860000,0.71800000,0.73280000
1650585600000,XRPUSDT,0.73280000,0.73870000,0.71420000,0.71790000
1650672000000,XRPUSDT,0.71780000,0.72670000,0.70230000,0.70570000
1650758400000,XRPUSDT,0.70570000,0.71190000,0.69440000,0.69810000
1650844800000,XRPUSDT,0.69800000,0.69980000,0.64510000,0.69310000
1650931200000,XRPUSDT,0.69310000,0.70650000,0.62760000,0.64200000
1651017600000,XRPUSDT,0.64200000,0.66300000,0.63610000,0.65220000
1651104000000,XRPUSDT,0.65220000,0.65770000,0.63330000,0.64280000
1651190400000,XRPUSDT,0.64280000,0.64640000,0.59920000,0.61160000
1651276800000,XRPUSDT,0.61150000,0.62880000,0.56630000,0.58450000
1651363200000,XRPUSDT,0.58450000,0.61250000,0.57600000,0.60700000
1651449600000,XRPUSDT,0.60700000,0.63120000,0.59840000,0.61430000
1651536000000,XRPUSDT,0.61430000,0.62800000,0.59610000,0.60470000
1651622400000,XRPUSDT,0.60470000,0.65000000,0.60390000,0.64590000
1651708800000,XRPUSDT,0.64600000,0.65720000,0.58010000,0.59810000
1651795200000,XRPUSDT,0.59810000,0.61640000,0.58750000,0.60220000
1651881600000,XRPUSDT,0.60220000,0.60440000,0.56920000,0.58080000
1651968000000,XRPUSDT,0.58080000,0.58330000,0.55720000,0.56620000
1652054400000,XRPUSDT,0.56630000,0.57890000,0.47000000,0.48730000
1652140800000,XRPUSDT,0.48720000,0.53710000,0.47220000,0.51300000
1652227200000,XRPUSDT,0.51300000,0.52530000,0.36460000,0.41720000
1652313600000,XRPUSDT,0.41720000,0.42960000,0.33610000,0.38560000
1652400000000,XRPUSDT,0.38560000,0.46590000,0.38130000,0.42280000
1652486400000,XRPUSDT,0.42290000,0.44100000,0.39550000,0.42620000
1652572800000,XRPUSDT,0.42620000,0.45000000,0.41490000,0.44810000
1652659200000,XRPUSDT,0.44810000,0.44810000,0.40870000,0.42310000
1652745600000,XRPUSDT,0.42310000,0.44030000,0.41700000,0.43800000
1652832000000,XRPUSDT,0.43800000,0.44280000,0.40370000,0.40560000
1652918400000,XRPUSDT,0.40560000,0.42420000,0.39080000,0.42050000
1653004800000,XRPUSDT,0.42050000,0.44070000,0.40160000,0.41010000
1653091200000,XRPUSDT,0.41010000,0.41830000,0.40300000,0.41450000
1653177600000,XRPUSDT,0.41440000,0.42550000,0.41010000,0.42180000
1653264000000,XRPUSDT,0.42170000,0.42870000,0.40020000,0.40520000
1653350400000,XRPUSDT,0.40520000,0.41380000,0.39080000,0.40860000
1653436800000,XRPUSDT,0.40870000,0.41380000,0.39480000,0.40600000
1653523200000,XRPUSDT,0.40610000,0.41090000,0.37530000,0.39200000
1653609600000,XRPUSDT,0.39210000,0.40320000,0.37640000,0.38190000
1653696000000,XRPUSDT,0.38200000,0.38900000,0.38050000,0.38630000
1653782400000,XRPUSDT,0.38630000,0.39080000,0.37940000,0.38910000
1653868800000,XRPUSDT,0.38910000,0.41970000,0.38660000,0.41870000
1653955200000,XRPUSDT,0.41880000,0.43420000,0.40650000,0.42170000
1654041600000,XRPUSDT,0.42170000,0.42660000,0.38870000,0.39800000
1654128000000,XRPUSDT,0.39810000,0.40720000,0.39070000,0.40550000
1654214400000,XRPUSDT,0.40540000,0.41050000,0.38390000,0.39040000
1654300800000,XRPUSDT,0.39030000,0.39440000,0.38460000,0.39250000
1654387200000,XRPUSDT,0.39250000,0.39950000,0.38950000,0.39530000
1654473600000,XRPUSDT,0.39540000,0.40990000,0.39400000,0.40260000
1654560000000,XRPUSDT,0.40270000,0.41750000,0.38460000,0.40760000
1654646400000,XRPUSDT,0.40760000,0.41040000,0.39470000,0.40060000
1654732800000,XRPUSDT,0.40070000,0.40410000,0.39650000,0.40020000
1654819200000,XRPUSDT,0.40020000,0.41180000,0.37620000,0.38150000
1654905600000,XRPUSDT,0.38150000,0.38870000,0.35570000,0.35990000
1654992000000,XRPUSDT,0.35980000,0.36540000,0.33940000,0.34330000
1655078400000,XRPUSDT,0.34330000,0.35070000,0.30120000,0.31180000
1655164800000,XRPUSDT,0.31170000,0.32670000,0.29360000,0.32140000
1655251200000,XRPUSDT,0.32150000,0.34690000,0.29800000,0.34360000
1655337600000,XRPUSDT,0.34360000,0.34750000,0.30730000,0.31320000
1655424000000,XRPUSDT,0.31320000,0.33970000,0.31050000,0.32100000
1655510400000,XRPUSDT,0.32100000,0.32630000,0.28720000,0.30750000
1655596800000,XRPUSDT,0.30740000,0.33300000,0.29810000,0.32640000
1655683200000,XRPUSDT,0.32620000,0.32890000,0.31350000,0.32270000
1655769600000,XRPUSDT,0.32260000,0.33740000,0.31870000,0.32940000
1655856000000,XRPUSDT,0.32940000,0.32970000,0.31900000,0.32230000
1655942400000,XRPUSDT,0.32230000,0.33710000,0.32130000,0.33580000
1656028800000,XRPUSDT,0.33570000,0.38710000,0.33480000,0.36720000
1656115200000,XRPUSDT,0.36720000,0.37410000,0.35420000,0.36760000
1656201600000,XRPUSDT,0.36770000,0.37510000,0.35760000,0.35920000
1656288000000,XRPUSDT,0.35910000,0.36710000,0.34800000,0.35370000
1656374400000,XRPUSDT,0.35370000,0.35570000,0.33530000,0.33750000
1656460800000,XRPUSDT,0.33750000,0.34170000,0.32010000,0.32960000
1656547200000,XRPUSDT,0.32960000,0.33330000,0.30560000,0.33210000
1656633600000,XRPUSDT,0.33200000,0.33630000,0.31000000,0.31390000
1656720000000,XRPUSDT,0.31420000,0.31810000,0.30890000,0.31560000
1656806400000,XRPUSDT,0.31570000,0.32580000,0.30850000,0.32150000
1656892800000,XRPUSDT,0.32160000,0.33000000,0.31460000,0.32870000
1656979200000,XRPUSDT,0.32870000,0.33100000,0.31280000,0.32520000
1657065600000,XRPUSDT,0.32520000,0.33400000,0.32000000,0.33240000
1657152000000,XRPUSDT,0.33240000,0.34560000,0.32690000,0.34220000
1657238400000,XRPUSDT,0.34230000,0.35900000,0.33590000,0.34020000
1657324800000,XRPUSDT,0.34030000,0.34770000,0.33920000,0.34480000
1657411200000,XRPUSDT,0.34480000,0.34490000,0.31970000,0.32550000
1657497600000,XRPUSDT,0.32560000,0.32920000,0.31080000,0.31520000
1657584000000,XRPUSDT,0.31520000,0.31820000,0.30780000,0.31160000
1657670400000,XRPUSDT,0.31170000,0.32600000,0.30200000,0.32370000
1657756800000,XRPUSDT,0.32360000,0.33400000,0.31220000,0.33380000
1657843200000,XRPUSDT,0.33380000,0.34900000,0.32730000,0.33420000
1657929600000,XRPUSDT,0.33410000,0.35650000,0.33130000,0.35050000
1658016000000,XRPUSDT,0.35040000,0.36140000,0.34130000,0.34330000
1658102400000,XRPUSDT,0.34340000,0.37010000,0.34290000,0.36530000
1658188800000,XRPUSDT,0.36520000,0.37670000,0.35150000,0.37290000
1658275200000,XRPUSDT,0.37280000,0.38170000,0.35720000,0.36350000
1658361600000,XRPUSDT,0.36350000,0.36850000,0.34850000,0.36690000
1658448000000,XRPUSDT,0.36680000,0.37160000,0.35410000,0.35780000
1658534400000,XRPUSDT,0.35780000,0.36280000,0.34980000,0.35920000
1658620800000,XRPUSDT,0.35920000,0.36670000,0.35580000,0.35860000
1658707200000,XRPUSDT,0.35850000,0.36020000,0.33500000,0.33620000
1658793600000,XRPUSDT,0.33620000,0.33850000,0.32520000,0.33720000
1658880000000,XRPUSDT,0.33730000,0.35970000,0.33040000,0.35940000
1658966400000,XRPUSDT,0.35940000,0.37920000,0.34890000,0.37390000
1659052800000,XRPUSDT,0.37380000,0.37990000,0.35960000,0.36790000
1659139200000,XRPUSDT,0.36790000,0.40990000,0.36290000,0.38790000
1659225600000,XRPUSDT,0.38800000,0.39890000,0.37820000,0.37920000
1659312000000,XRPUSDT,0.37910000,0.38600000,0.37100000,0.37910000
1659398400000,XRPUSDT,0.37910000,0.39460000,0.36670000,0.37140000
1659484800000,XRPUSDT,0.37140000,0.37750000,0.36310000,0.36950000
1659571200000,XRPUSDT,0.36950000,0.37500000,0.36430000,0.37100000
1659657600000,XRPUSDT,0.37100000,0.37850000,0.36730000,0.37640000
1659744000000,XRPUSDT,0.37640000,0.37800000,0.37030000,0.37150000
1659830400000,XRPUSDT,0.37150000,0.37720000,0.36820000,0.37220000
1659916800000,XRPUSDT,0.37230000,0.38470000,0.37100000,0.37870000
1660003200000,XRPUSDT,0.37870000,0.38010000,0.36060000,0.36720000
1660089600000,XRPUSDT,0.36720000,0.38150000,0.35830000,0.38140000
1660176000000,XRPUSDT,0.38140000,0.38600000,0.37700000,0.38020000
1660262400000,XRPUSDT,0.38010000,0.38060000,0.36990000,0.37960000
1660348800000,XRPUSDT,0.37970000,0.38760000,0.37630000,0.37800000
1660435200000,XRPUSDT,0.37790000,0.39220000,0.37380000,0.37570000
1660521600000,XRPUSDT,0.37560000,0.38520000,0.36580000,0.37510000
1660608000000,XRPUSDT,0.37500000,0.37840000,0.36660000,0.37700000
1660694400000,XRPUSDT,0.37700000,0.39230000,0.36800000,0.37950000
1660780800000,XRPUSDT,0.37960000,0.38150000,0.36910000,0.37040000
1660867200000,XRPUSDT,0.37030000,0.37070000,0.33090000,0.33440000
1660953600000,XRPUSDT,0.33450000,0.34280000,0.33210000,0.33680000
1661040000000,XRPUSDT,0.33680000,0.34850000,0.33550000,0.34490000
1661126400000,XRPUSDT,0.34480000,0.34530000,0.33130000,0.34400000
1661212800000,XRPUSDT,0.34400000,0.34800000,0.33260000,0.34720000
1661299200000,XRPUSDT,0.34730000,0.35250000,0.33890000,0.34560000
1661385600000,XRPUSDT,0.34560000,0.35220000,0.34350000,0.34910000
1661472000000,XRPUSDT,0.34910000,0.37120000,0.33250000,0.33930000
1661558400000,XRPUSDT,0.33930000,0.34470000,0.32830000,0.33460000
1661644800000,XRPUSDT,0.33460000,0.33730000,0.32130000,0.32240000
1661731200000,XRPUSDT,0.32230000,0.33420000,0.31860000,0.33370000
1661817600000,XRPUSDT,0.33370000,0.33590000,0.32000000,0.32670000
1661904000000,XRPUSDT,0.32680000,0.33390000,0.32300000,0.32770000
1661990400000,XRPUSDT,0.32760000,0.33340000,0.32150000,0.33310000
1662076800000,XRPUSDT,0.33320000,0.33550000,0.32530000,0.33140000
1662163200000,XRPUSDT,0.33150000,0.33500000,0.32650000,0.32970000
1662249600000,XRPUSDT,0.32960000,0.33280000,0.32750000,0.33170000
1662336000000,XRPUSDT,0.33180000,0.33380000,0.32250000,0.33290000
1662422400000,XRPUSDT,0.33290000,0.34310000,0.31540000,0.32120000
1662508800000,XRPUSDT,0.32120000,0.33860000,0.31200000,0.33690000
1662595200000,XRPUSDT,0.33690000,0.34340000,0.32820000,0.33960000
1662681600000,XRPUSDT,0.33960000,0.35970000,0.33940000,0.35680000
1662768000000,XRPUSDT,0.35680000,0.36220000,0.35140000,0.35730000
1662854400000,XRPUSDT,0.35740000,0.36040000,0.34850000,0.35520000
1662940800000,XRPUSDT,0.35510000,0.36020000,0.34780000,0.35980000
1663027200000,XRPUSDT,0.35980000,0.36030000,0.33080000,0.33260000
1663113600000,XRPUSDT,0.33260000,0.34420000,0.33120000,0.34150000
1663200000000,XRPUSDT,0.34150000,0.34290000,0.32410000,0.32610000
1663286400000,XRPUSDT,0.32610000,0.35810000,0.32160000,0.35520000
1663372800000,XRPUSDT,0.35520000,0.38100000,0.34640000,0.37620000
1663459200000,XRPUSDT,0.37620000,0.39810000,0.35560000,0.35760000
1663545600000,XRPUSDT,0.35780000,0.39320000,0.34010000,0.38480000
1663632000000,XRPUSDT,0.38470000,0.42420000,0.37040000,0.41400000
1663718400000,XRPUSDT,0.41390000,0.43400000,0.38000000,0.39360000
1663804800000,XRPUSDT,0.39360000,0.50000000,0.39330000,0.48620000
1663891200000,XRPUSDT,0.48610000,0.55900000,0.45640000,0.50690000
1663977600000,XRPUSDT,0.50690000,0.51950000,0.47170000,0.48780000
1664064000000,XRPUSDT,0.48790000,0.52150000,0.47570000,0.49170000
1664150400000,XRPUSDT,0.49160000,0.50200000,0.45760000,0.46830000
1664236800000,XRPUSDT,0.46820000,0.48820000,0.43500000,0.44570000
1664323200000,XRPUSDT,0.44580000,0.45580000,0.41680000,0.44890000
1664409600000,XRPUSDT,0.44910000,0.51090000,0.42660000,0.48770000
1664496000000,XRPUSDT,0.48760000,0.49920000,0.46670000,0.47990000
1664582400000,XRPUSDT,0.47990000,0.48650000,0.46670000,0.47540000
1664668800000,XRPUSDT,0.47530000,0.47850000,0.44300000,0.44850000
1664755200000,XRPUSDT,0.44850000,0.46940000,0.43720000,0.46210000
1664841600000,XRPUSDT,0.46220000,0.48580000,0.45150000,0.47950000
1664928000000,XRPUSDT,0.47950000,0.50200000,0.47160000,0.48870000
1665014400000,XRPUSDT,0.48880000,0.50630000,0.48830000,0.49340000
1665100800000,XRPUSDT,0.49340000,0.53390000,0.48000000,0.51770000
1665187200000,XRPUSDT,0.51770000,0.52920000,0.51110000,0.51700000
1665273600000,XRPUSDT,0.51710000,0.54900000,0.50600000,0.53250000
1665360000000,XRPUSDT,0.53250000,0.53800000,0.49270000,0.49390000
1665446400000,XRPUSDT,0.49390000,0.50250000,0.47680000,0.48610000
1665532800000,XRPUSDT,0.48600000,0.49600000,0.48200000,0.48810000
1665619200000,XRPUSDT,0.48810000,0.48980000,0.44010000,0.47910000
1665705600000,XRPUSDT,0.47910000,0.51250000,0.47820000,0.48830000
1665792000000,XRPUSDT,0.48820000,0.49000000,0.47740000,0.48180000
1665878400000,XRPUSDT,0.48180000,0.48760000,0.46800000,0.47660000
1665964800000,XRPUSDT,0.47650000,0.48250000,0.46270000,0.48040000
1666051200000,XRPUSDT,0.48040000,0.48430000,0.45710000,0.46580000
1666137600000,XRPUSDT,0.46570000,0.46670000,0.44710000,0.45040000
1666224000000,XRPUSDT,0.45040000,0.46460000,0.42240000,0.44650000
1666310400000,XRPUSDT,0.44650000,0.46170000,0.43360000,0.46140000
1666396800000,XRPUSDT,0.46130000,0.47080000,0.45610000,0.46530000
1666483200000,XRPUSDT,0.46530000,0.47260000,0.45180000,0.46880000
1666569600000,XRPUSDT,0.46880000,0.47300000,0.44780000,0.45290000
1666656000000,XRPUSDT,0.45300000,0.47280000,0.44340000,0.46050000
1666742400000,XRPUSDT,0.46060000,0.47150000,0.45620000,0.46890000
1666828800000,XRPUSDT,0.46890000,0.48240000,0.45840000,0.46150000
1666915200000,XRPUSDT,0.46150000,0.47550000,0.45640000,0.47440000
1667001600000,XRPUSDT,0.47430000,0.48370000,0.46570000,0.47010000
1667088000000,XRPUSDT,0.47020000,0.47350000,0.45370000,0.45820000
1667174400000,XRPUSDT,0.45820000,0.46740000,0.44760000,0.46410000
1667260800000,XRPUSDT,0.46400000,0.46700000,0.45430000,0.46360000
1667347200000,XRPUSDT,0.46350000,0.46590000,0.44510000,0.44970000
1667433600000,XRPUSDT,0.44980000,0.45980000,0.44870000,0.45480000
1667520000000,XRPUSDT,0.45480000,0.50780000,0.45320000,0.50640000
1667606400000,XRPUSDT,0.50630000,0.51000000,0.48900000,0.49300000
1667692800000,XRPUSDT,0.49300000,0.49470000,0.46800000,0.47090000
1667779200000,XRPUSDT,0.47080000,0.48000000,0.45850000,0.46480000
1667865600000,XRPUSDT,0.46470000,0.46690000,0.33550000,0.40590000
1667952000000,XRPUSDT,0.40590000,0.41100000,0.31600000,0.33310000
1668038400000,XRPUSDT,0.33320000,0.40300000,0.33010000,0.39420000
1668124800000,XRPUSDT,0.39420000,0.39910000,0.36610000,0.38430000
1668211200000,XRPUSDT,0.38430000,0.38460000,0.35920000,0.36360000
1668297600000,XRPUSDT,0.36350000,0.36940000,0.33250000,0.34080000
1668384000000,XRPUSDT,0.34090000,0.37960000,0.32100000,0.37760000
1668470400000,XRPUSDT,0.37750000,0.39770000,0.36680000,0.38880000
1668556800000,XRPUSDT,0.38870000,0.39150000,0.36140000,0.37520000
1668643200000,XRPUSDT,0.37510000,0.38730000,0.36910000,0.38190000
1668729600000,XRPUSDT,0.38190000,0.38780000,0.37330000,0.38290000
1668816000000,XRPUSDT,0.38290000,0.38860000,0.37520000,0.38410000
1668902400000,XRPUSDT,0.38420000,0.39690000,0.35850000,0.36080000
1668988800000,XRPUSDT,0.36080000,0.36900000,0.34570000,0.36450000
1669075200000,XRPUSDT,0.36450000,0.37840000,0.35130000,0.37570000
1669161600000,XRPUSDT,0.37580000,0.38240000,0.36820000,0.38150000
1669248000000,XRPUSDT,0.38160000,0.40500000,0.37420000,0.40180000
1669334400000,XRPUSDT,0.40180000,0.41940000,0.38880000,0.40780000
1669420800000,XRPUSDT,0.40770000,0.41460000,0.39270000,0.39600000
1669507200000,XRPUSDT,0.39600000,0.40960000,0.39420000,0.39620000
1669593600000,XRPUSDT,0.39610000,0.39910000,0.37300000,0.38880000
1669680000000,XRPUSDT,0.38880000,0.40390000,0.38290000,0.39810000
1669766400000,XRPUSDT,0.39810000,0.41170000,0.39260000,0.40780000
1669852800000,XRPUSDT,0.40780000,0.40930000,0.39440000,0.39690000
1669939200000,XRPUSDT,0.39680000,0.39750000,0.38380000,0.39610000
1670025600000,XRPUSDT,0.39610000,0.39730000,0.38530000,0.38730000
1670112000000,XRPUSDT,0.38730000,0.39320000,0.38600000,0.38950000
1670198400000,XRPUSDT,0.38950000,0.39540000,0.38000000,0.38930000
1670284800000,XRPUSDT,0.38930000,0.39250000,0.38080000,0.39140000
1670371200000,XRPUSDT,0.39140000,0.39250000,0.37330000,0.38350000
1670457600000,XRPUSDT,0.38340000,0.39620000,0.38260000,0.39410000
1670544000000,XRPUSDT,0.39420000,0.39520000,0.38430000,0.38890000
1670630400000,XRPUSDT,0.38890000,0.38930000,0.38540000,0.38650000
1670716800000,XRPUSDT,0.38650000,0.38860000,0.37780000,0.38090000
1670803200000,XRPUSDT,0.38080000,0.38980000,0.37070000,0.38740000
1670889600000,XRPUSDT,0.38750000,0.39700000,0.37860000,0.39520000
1670976000000,XRPUSDT,0.39530000,0.39560000,0.37680000,0.38530000
1671062400000,XRPUSDT,0.38520000,0.38670000,0.37350000,0.37800000
1671148800000,XRPUSDT,0.37790000,0.37990000,0.34400000,0.35110000
1671235200000,XRPUSDT,0.35100000,0.35980000,0.34670000,0.35450000
1671321600000,XRPUSDT,0.35450000,0.35560000,0.34730000,0.34990000
1671408000000,XRPUSDT,0.34990000,0.35300000,0.33200000,0.33890000
1671494400000,XRPUSDT,0.33890000,0.35320000,0.33590000,0.34820000
1671580800000,XRPUSDT,0.34820000,0.35050000,0.33710000,0.34490000
1671667200000,XRPUSDT,0.34480000,0.35030000,0.34140000,0.34920000
1671753600000,XRPUSDT,0.34920000,0.35500000,0.34710000,0.35430000
1671840000000,XRPUSDT,0.35420000,0.35440000,0.35090000,0.35170000
1671926400000,XRPUSDT,0.35180000,0.35190000,0.34390000,0.34570000
1672012800000,XRPUSDT,0.34570000,0.37000000,0.34550000,0.36580000
1672099200000,XRPUSDT,0.36570000,0.37310000,0.35860000,0.36750000
1672185600000,XRPUSDT,0.36750000,0.36870000,0.35460000,0.35580000
1672272000000,XRPUSDT,0.35590000,0.35770000,0.33610000,0.34210000
1672358400000,XRPUSDT,0.34210000,0.34610000,0.33370000,0.34510000
1672444800000,XRPUSDT,0.34500000,0.34530000,0.33840000,0.33890000
1672531200000,XRPUSDT,0.33890000,0.34000000,0.33540000,0.33870000
1672617600000,XRPUSDT,0.33860000,0.35550000,0.30000000,0.34820000
1672704000000,XRPUSDT,0.34820000,0.35200000,0.33950000,0.34360000
1672790400000,XRPUSDT,0.34360000,0.36050000,0.33900000,0.34720000
1672876800000,XRPUSDT,0.34710000,0.34870000,0.33330000,0.33800000
1672963200000,XRPUSDT,0.33800000,0.34620000,0.33110000,0.34430000
1673049600000,XRPUSDT,0.34420000,0.34570000,0.34130000,0.34420000
1673136000000,XRPUSDT,0.34420000,0.34690000,0.33540000,0.34520000
1673222400000,XRPUSDT,0.34520000,0.35760000,0.34370000,0.34900000
1673308800000,XRPUSDT,0.34890000,0.35410000,0.34320000,0.35070000
1673395200000,XRPUSDT,0.35060000,0.37850000,0.34770000,0.37280000
1673481600000,XRPUSDT,0.37280000,0.38200000,0.36070000,0.37480000
1673568000000,XRPUSDT,0.37480000,0.38680000,0.36800000,0.38580000
1673654400000,XRPUSDT,0.38570000,0.40890000,0.37660000,0.39530000
1673740800000,XRPUSDT,0.39530000,0.39690000,0.37950000,0.38450000
1673827200000,XRPUSDT,0.38460000,0.40640000,0.37770000,0.38550000
1673913600000,XRPUSDT,0.38550000,0.39870000,0.37900000,0.38680000
1674000000000,XRPUSDT,0.38680000,0.39640000,0.36550000,0.37820000
1674086400000,XRPUSDT,0.37820000,0.39650000,0.37620000,0.39280000
1674172800000,XRPUSDT,0.39290000,0.41410000,0.38590000,0.41290000
1674259200000,XRPUSDT,0.41290000,0.41660000,0.39670000,0.40340000
1674345600000,XRPUSDT,0.40340000,0.41220000,0.39620000,0.40040000
1674432000000,XRPUSDT,0.40040000,0.43300000,0.39950000,0.42340000
1674518400000,XRPUSDT,0.42330000,0.43120000,0.40250000,0.40780000
1674604800000,XRPUSDT,0.40790000,0.42450000,0.39650000,0.41700000
1674691200000,XRPUSDT,0.41700000,0.41780000,0.40530000,0.40920000
1674777600000,XRPUSDT,0.40910000,0.41350000,0.39880000,0.41280000
1674864000000,XRPUSDT,0.41270000,0.41680000,0.40550000,0.40780000
1674950400000,XRPUSDT,0.40780000,0.41730000,0.40660000,0.41340000
1675036800000,XRPUSDT,0.41350000,0.42220000,0.38600000,0.39340000
1675123200000,XRPUSDT,0.39330000,0.41130000,0.38800000,0.40570000
1675209600000,XRPUSDT,0.40580000,0.41570000,0.39620000,0.41310000
1675296000000,XRPUSDT,0.41320000,0.41920000,0.40800000,0.40980000
1675382400000,XRPUSDT,0.40970000,0.41370000,0.40540000,0.41170000
1675468800000,XRPUSDT,0.41160000,0.42040000,0.40750000,0.41060000
1675555200000,XRPUSDT,0.41060000,0.41200000,0.39420000,0.39840000
1675641600000,XRPUSDT,0.39850000,0.40370000,0.39090000,0.39200000
1675728000000,XRPUSDT,0.39210000,0.40480000,0.39010000,0.40360000
1675814400000,XRPUSDT,0.40370000,0.40600000,0.39360000,0.39750000
1675900800000,XRPUSDT,0.39750000,0.40920000,0.37260000,0.38190000
1675987200000,XRPUSDT,0.38180000,0.38780000,0.37710000,0.38170000
1676073600000,XRPUSDT,0.38180000,0.38410000,0.37980000,0.38330000
1676160000000,XRPUSDT,0.38340000,0.38500000,0.37160000,0.37470000
1676246400000,XRPUSDT,0.37470000,0.37830000,0.36120000,0.37030000
1676332800000,XRPUSDT,0.37030000,0.38390000,0.36440000,0.38190000
1676419200000,XRPUSDT,0.38190000,0.40240000,0.37650000,0.40110000
1676505600000,XRPUSDT,0.40100000,0.40480000,0.38400000,0.38410000
1676592000000,XRPUSDT,0.38410000,0.40000000,0.38090000,0.39500000
1676678400000,XRPUSDT,0.39490000,0.39760000,0.39110000,0.39430000
1676764800000,XRPUSDT,0.39420000,0.39810000,0.38450000,0.38630000
1676851200000,XRPUSDT,0.38620000,0.40900000,0.37740000,0.39840000
1676937600000,XRPUSDT,0.39850000,0.40250000,0.38720000,0.39190000
1677024000000,XRPUSDT,0.39200000,0.39770000,0.38280000,0.39530000
1677110400000,XRPUSDT,0.39530000,0.39790000,0.38530000,0.38820000
1677196800000,XRPUSDT,0.38830000,0.39080000,0.37230000,0.37830000
1677283200000,XRPUSDT,0.37830000,0.37950000,0.36920000,0.37780000
1677369600000,XRPUSDT,0.37790000,0.38070000,0.37450000,0.37790000
1677456000000,XRPUSDT,0.37790000,0.38010000,0.37080000,0.37850000
1677542400000,XRPUSDT,0.37850000,0.38270000,0.37190000,0.37620000
1677628800000,XRPUSDT,0.37620000,0.38480000,0.37260000,0.38350000
1677715200000,XRPUSDT,0.38360000,0.38460000,0.37370000,0.37720000
1677801600000,XRPUSDT,0.37720000,0.38060000,0.35390000,0.37740000
1677888000000,XRPUSDT,0.37730000,0.38000000,0.37310000,0.37570000
